group,users,conversions,conversion_rate
control,147202,17723,0.12039917935897611
treatment,147278,17514,0.11891796466546259
